resource_id	content_pack_id	source_path	container_path	resource_type	format	encoding	newline	source_size	source_sha256	extractor_version	extracted_segment_count	scope_status	investigation_status	notes
RES-7E5BAD975BC3609E	BASE	addons/godotsteam/editor/steamworks_panel.gd	drepo.pck	script	gd	UTF-8	LF	189	56ee71c7b97f87e50394a7da6dfd032a3dbec607269f90b3003979a30c66008f	segments-v2	0	OUT_OF_SCOPE	EXTRACTABLE	GodotSteam editor-only resource; exact addons/godotsteam/editor script path + @tool
RES-9037A75E9616AE50	BASE	addons/godotsteam/editor/steamworks_panel.tscn	drepo.pck	scene	tscn	UTF-8	LF	4283	d87e1d308eed44f49752d5d0d1e3032b836b0f04a4e676d6774a7373c8614779	segments-v2	0	OUT_OF_SCOPE	EXTRACTABLE	GodotSteam editor-only resource; exact editor panel scene path + verified @tool script sources
RES-A0D1C1F50BA5E0A3	BASE	addons/godotsteam/editor/updates/updates.gd	drepo.pck	script	gd	UTF-8	LF	5667	6fecd91203ed0061b7739a8fb1a7705b8499d74dde27099ecc1a4bebcbf8d8dd	segments-v2	0	OUT_OF_SCOPE	EXTRACTABLE	GodotSteam editor-only resource; exact addons/godotsteam/editor script path + @tool
RES-848A194F07EA5A31	BASE	addons/godotsteam/godotsteam_plugin.gd	drepo.pck	script	gd	UTF-8	LF	3882	d214bc0c9512fa1b3eb7fcde2499e8f43fd209c0caf856e4875a1933ed2fe955	segments-v2	0	OUT_OF_SCOPE	EXTRACTABLE	GodotSteam editor-only resource; exact path + @tool + extends EditorPlugin
RES-5E986630631A9C32	BASE	data/confirm_keys.gd	drepo.pck	script	gd	UTF-8	LF	409	c0b3761bc60ccfa16c71aa1afc004a332b0ff36bb3b4cbe413ccbe0a0dff3d82	segments-v2	0	IN_SCOPE	EXTRACTABLE	
RES-2E00ACC886FEB4BD	BASE	data/game_data.gd	drepo.pck	script	gd	UTF-8	LF	18324	02343c25500d55f2076911003b3163987715e109125d9c4f52a3faa0e08559f9	segments-v2	168	IN_SCOPE	EXTRACTABLE	3 developer console/log segments out of scope; 1 other segments out of scope
RES-5ADB8BB74B87307D	BASE	data/hint.gd	drepo.pck	script	gd	UTF-8	LF	5772	9b7ecaa3c40c9997ad14b7e01e0807a3dac0b8d558f07f08b02cebfc3c865682	segments-v2	17	IN_SCOPE	EXTRACTABLE	
RES-42D08B5B9BF398C1	BASE	data/hint_overrides.gd	drepo.pck	script	gd	UTF-8	LF	27164	811f6a17c8cd6a0cb8dabefd0a4ec12beb370023be8eb1929ed84f439f030744	segments-v2	302	IN_SCOPE	EXTRACTABLE	
RES-0C76F40650D40C90	BASE	data/log_entry.gd	drepo.pck	script	gd	UTF-8	LF	380	2155749ccd6e037ee560ed4767ceb1c882c5420f5fd4777a437ca88abf2a61ca	segments-v2	0	IN_SCOPE	EXTRACTABLE	
RES-612359A5B468D4C9	BASE	data/person.gd	drepo.pck	script	gd	UTF-8	LF	445	6c88936639a2e401089fba606f18ceb6558eb011327da23248806f7a1971ed29	segments-v2	0	IN_SCOPE	EXTRACTABLE	
RES-380D11B7D24A96D9	BASE	data/solution.gd	drepo.pck	script	gd	UTF-8	LF	1035	20bfa3436f491af6d43be02697948c4b3d7b5ae88699aad012e94f261a1bcd55	segments-v2	0	IN_SCOPE	EXTRACTABLE	
RES-9175A4178E9503E5	BASE	data/solutions.json	drepo.pck	table	json	UTF-8	LF	7429	c44d8248fc478aec56baa0f580aea10f26a0d88db1833b38d7d21b88b0eaed28	segments-v2	40	OUT_OF_SCOPE	EXTRACTABLE	40 source-derived solution metadata segments out of scope; no runtime read consumer in this build
RES-1DDCF62095758F61	BASE	scenes/boot_screen.tscn	drepo.pck	scene	tscn	UTF-8	LF	1852	db83dd50cf62662e38de0004e1e5e7b2c8f7ea99464b681f6c3178e02f0ab64c	segments-v2	2	IN_SCOPE	EXTRACTABLE	
RES-BBEA0B788E6982A7	BASE	scenes/ending_credits.tscn	drepo.pck	scene	tscn	UTF-8	LF	817	a003bcdd9a96f0c6382c956dc4b5a72d5debc6bd98d057ef35f5f3e147bd9999	segments-v2	0	IN_SCOPE	EXTRACTABLE	
RES-96D09771A51AB6C0	BASE	scenes/ending_digest.tscn	drepo.pck	scene	tscn	UTF-8	LF	2088	f5743685f18117ff1280ade52016a478ee289aef1534f9708663780b59dc78da	segments-v2	1	IN_SCOPE	EXTRACTABLE	
RES-401D533F684577EA	BASE	scenes/intro_sequence.tscn	drepo.pck	scene	tscn	UTF-8	LF	1461	e62aba38c5fd813c5c4dcecd3a5ba0b29c7d45c1770fdbcd974422c4c22723c2	segments-v2	0	IN_SCOPE	EXTRACTABLE	
RES-6B1A7E49F76EB356	BASE	scenes/main.tscn	drepo.pck	scene	tscn	UTF-8	LF	1237	70aed697fc862123c64f65116b49e22cc453d4802b875485fe5639b34d1dd0ce	segments-v2	0	IN_SCOPE	EXTRACTABLE	
RES-EA7809155CB80117	BASE	scenes/title_screen.tscn	drepo.pck	scene	tscn	UTF-8	LF	4091	bb4a5db55b8d610fda0289482c2d7482f81db37ec175dd11e0c11e337b03b112	segments-v2	2	OUT_OF_SCOPE	EXTRACTABLE	2 verbatim credit segments out of scope
RES-414F81D5FC98457D	BASE	scripts/audio.gd	drepo.pck	script	gd	UTF-8	LF	1642	6289ab0ca80e71f0c127dd7babe9857dd4c5511a8ceee46d48d833da5a2552b3	segments-v2	0	IN_SCOPE	EXTRACTABLE	
RES-6AF6495770CABA5B	BASE	scripts/debug_tools.gd	drepo.pck	script	gd	UTF-8	LF	3656	d9217079e766589d1072b0ab142941f6ff68737630e5ab20a8aeab248b022d36	segments-v2	7	OUT_OF_SCOPE	EXTRACTABLE	7 developer console/log segments out of scope
RES-D8BFD33337F7AFBB	BASE	scripts/desktop.gd	drepo.pck	script	gd	UTF-8	LF	41287	007b167807e25223faef53fc7bb864929cc7425bea7fc6c86e997e51519cdbed	segments-v2	51	IN_SCOPE	EXTRACTABLE	1 developer console/log segments out of scope
RES-606EDA2F9AC83B31	BASE	scripts/game_state.gd	drepo.pck	script	gd	UTF-8	LF	12207	646652eee2bead5e274449d3df7b872e0061f233a8e50294e88de8f61372e53f	segments-v2	0	IN_SCOPE	EXTRACTABLE	
RES-539123A8CBE5DD76	BASE	scripts/save_manager.gd	drepo.pck	script	gd	UTF-8	LF	3660	e7f69f1c37fb9bb13e5dd4ea92904fa76351ef442619ce232b9470467e5cd060	segments-v2	3	OUT_OF_SCOPE	EXTRACTABLE	3 developer console/log segments out of scope
RES-35FEC01A5002BB06	BASE	scripts/settings.gd	drepo.pck	script	gd	UTF-8	LF	7907	f821d311b889a436023d262ecb4f0b007d5fb4dbe2fb349e4d39afe354726bc6	segments-v2	1	IN_SCOPE	EXTRACTABLE	
RES-D27BB38E80173230	BASE	scripts/steam_manager.gd	drepo.pck	script	gd	UTF-8	LF	4894	2852e84aaec903a923668049fd355471e70cf74fbd2c77efd9531d72fa05ee18	segments-v2	8	OUT_OF_SCOPE	EXTRACTABLE	8 developer console/log segments out of scope
RES-D7AA2AF83E8B891D	BASE	scripts/ui/alert_dialog.gd	drepo.pck	script	gd	UTF-8	LF	2448	885fd7928700ec07ff53706304e97f13c387448e6397129e2b918c6ab8b20d46	segments-v2	1	IN_SCOPE	EXTRACTABLE	
RES-76DC39B134248FD5	BASE	scripts/ui/config_dialog.gd	drepo.pck	script	gd	UTF-8	LF	5791	9bdd57fe55354b11eeddd41db7c69c1f50baa7d85e24c72e0426b503045b4bdf	segments-v2	16	IN_SCOPE	EXTRACTABLE	
RES-ECE4A0B9E4EA1779	BASE	scripts/ui/desktop_icon.gd	drepo.pck	script	gd	UTF-8	LF	3610	56523195599d0598251cb80d53f7dd5f4a366609539fa544d6362cd954fc4872	segments-v2	0	IN_SCOPE	EXTRACTABLE	
RES-871B30EA95465F48	BASE	scripts/ui/face_scatter.gd	drepo.pck	script	gd	UTF-8	LF	3298	392b5085e3268a7911e6e8ad057b2c9f64d453e50d9650fc96d4c828a568221e	segments-v2	0	IN_SCOPE	EXTRACTABLE	
RES-946EA311AA934052	BASE	scripts/ui/glitch_overlay.gd	drepo.pck	script	gd	UTF-8	LF	1246	f7591dbacb7d84adaa9fa374f00a279a0b14c510bfae17dd9d2d7053af166e9e	segments-v2	0	IN_SCOPE	EXTRACTABLE	
RES-2BDF64B9E0A6345E	BASE	scripts/ui/hint_window.gd	drepo.pck	script	gd	UTF-8	LF	5342	ee13e8a98e83612dcc5737864940e125ccb256abe22dc45ab4d1c5ceee3b8a80	segments-v2	8	IN_SCOPE	EXTRACTABLE	
RES-3CE2AED64AC80E1D	BASE	scripts/ui/mac_window.gd	drepo.pck	script	gd	UTF-8	LF	3087	5b40e2e50ba186dd8c1836d2da5708ee33d7afa4780e1bfcefe1427518a31d5a	segments-v2	0	IN_SCOPE	EXTRACTABLE	
RES-500D0CE3CEE324F7	BASE	scripts/ui/menu_dropdown.gd	drepo.pck	script	gd	UTF-8	LF	1853	24a93fe66cca43bf28eba5848752676284dba5266e6d6c2d3a9072ee4d35482f	segments-v2	0	IN_SCOPE	EXTRACTABLE	
RES-1866D0BF53A9A91E	BASE	scripts/ui/resize_grip.gd	drepo.pck	script	gd	UTF-8	LF	197	cfab292841841dbffa73619474aa6fb999d72cac53d9ad2a64bae1f35a31285b	segments-v2	0	IN_SCOPE	EXTRACTABLE	
RES-201D197E652D3070	BASE	scripts/ui/save_slot_dialog.gd	drepo.pck	script	gd	UTF-8	LF	4650	cdf83545f3119bd63fa8ab5078e10bda612da1cf090ad987240cca999dab2e37	segments-v2	8	IN_SCOPE	EXTRACTABLE	
RES-BB0542E21B5E2A00	BASE	scripts/ui/title_bar.gd	drepo.pck	script	gd	UTF-8	LF	2905	cbcf9aa78fbffc8e532736255146efc6dc5a8e30920d9a6529944ecd53c061b3	segments-v2	1	IN_SCOPE	EXTRACTABLE	
RES-89904A38070B1A66	BASE	scripts/ui/typewriter.gd	drepo.pck	script	gd	UTF-8	LF	831	a47342658f2dc3b9db8644b78a62f1379361aa07c85a9cf35a32743657aaf648	segments-v2	0	IN_SCOPE	EXTRACTABLE	
RES-F9A6DC88B55F20A4	BASE	scripts/ui/ui_kit.gd	drepo.pck	script	gd	UTF-8	LF	23523	c84849a481d129e55de8e863d2e45416cc32589a27b76a1bfc7d5390995f1cd7	segments-v2	9	IN_SCOPE	EXTRACTABLE	
RES-C511D19D63B67FD8	BASE	scripts/windows/area_map.gd	drepo.pck	script	gd	UTF-8	LF	4009	e19d521b7fab2370d6c9ff6c3ef81c6c43bdd1d15dda6cd82704b23029f3bf3e	segments-v2	1	IN_SCOPE	EXTRACTABLE	
RES-62DF9CB86C6AD1C1	BASE	scripts/windows/boot_screen.gd	drepo.pck	script	gd	UTF-8	LF	3060	35458391b0e4f04bfdc0eccd733dd686423b517458738edd3ce6ab39cb6505bf	segments-v2	8	IN_SCOPE	EXTRACTABLE	
RES-1D14A4BE40CA9105	BASE	scripts/windows/confirm_cutscene.gd	drepo.pck	script	gd	UTF-8	LF	11438	2a03ab9999e063b29ff6bae0644c1e6e9364d7b839519c203b431f41df5de1ff	segments-v2	7	IN_SCOPE	EXTRACTABLE	
RES-2AFA35DB7F6D703F	BASE	scripts/windows/death_report.gd	drepo.pck	script	gd	UTF-8	LF	15667	41d97fbce21d8be6d06941888d06555358a7ca8aa69d47e9edf4cc58f5e0afd1	segments-v2	17	IN_SCOPE	EXTRACTABLE	
RES-3F8A1C522D970A52	BASE	scripts/windows/directory_window.gd	drepo.pck	script	gd	UTF-8	LF	5804	f3790ab0f831d1531e207be1666be196e69176469cee2b2aaa449180aad171ea	segments-v2	5	IN_SCOPE	EXTRACTABLE	
RES-B4D43DDC19C49536	BASE	scripts/windows/ending_credits.gd	drepo.pck	script	gd	UTF-8	LF	1767	6bf568ebf8f7dc15541ed3beed5d309d5d38f096beeabe6a37edbac947ae0c21	segments-v2	13	IN_SCOPE	EXTRACTABLE	6 verbatim credit segments out of scope
RES-697E70F3A4228FE6	BASE	scripts/windows/ending_digest.gd	drepo.pck	script	gd	UTF-8	LF	2880	01b0e37789794a733911445a2044fbf36768a6206a0a0d96698bb56d124236e0	segments-v2	4	IN_SCOPE	EXTRACTABLE	
RES-14DC35954324F947	BASE	scripts/windows/intro_sequence.gd	drepo.pck	script	gd	UTF-8	LF	2679	90b781d602473c0e57bf107a4605f26d6db84e8374a28b17c3d584579d328eb1	segments-v2	4	IN_SCOPE	EXTRACTABLE	
RES-21A618107AA29A90	BASE	scripts/windows/log_viewer.gd	drepo.pck	script	gd	UTF-8	LF	13854	6380cf558225e0d290459f01703fc87281ed892b87c5847ae0769c6624f15b28	segments-v2	23	IN_SCOPE	EXTRACTABLE	
RES-F936A9CB9AE3D74B	BASE	scripts/windows/notepad.gd	drepo.pck	script	gd	UTF-8	LF	4519	d1590525a3c0343930a52f4ffff635c166cf687ec247abb106786b2f0e14c311	segments-v2	12	IN_SCOPE	EXTRACTABLE	
RES-253B1D20B62D81E1	BASE	scripts/windows/reference_window.gd	drepo.pck	script	gd	UTF-8	LF	5148	b7c81d47b75962a0361f3abe069641909a03b2d55834a5d953a2480fd1fb81f7	segments-v2	5	IN_SCOPE	EXTRACTABLE	
RES-A9E5CD9BFB312FF3	BASE	scripts/windows/title_screen.gd	drepo.pck	script	gd	UTF-8	LF	5153	d80b34f489aaacd747bc619833b0ca48ebda58414c95859a3afc4870144f0b79	segments-v2	8	IN_SCOPE	EXTRACTABLE	
RES-EE906CA5847B1B2A	BASE	story/logs/deaths.txt	drepo.pck	dialogue	story_blocks	UTF-8	LF	60049	88ac2a737f43aacf2d2078bd85ad74c8dcfc82f0b402e79c4423490f8c271cff	segments-v2	123	IN_SCOPE	EXTRACTABLE	
RES-6AA247BC9044805E	BASE	story/logs/messages.txt	drepo.pck	dialogue	story_blocks	UTF-8	LF	5781	f6b19ffd198e5472f2b6451d8b189f8a96bf29686557f175c529f19d34f61527	segments-v2	14	IN_SCOPE	EXTRACTABLE	
RES-45C0C0333B657479	BASE	story/logs/system.txt	drepo.pck	dialogue	story_blocks	UTF-8	LF	13861	943820b844b07cf66cc5b581c615b82341edd9b1aa97573d41c586070ba476fa	segments-v2	36	IN_SCOPE	EXTRACTABLE	
